Dia,Tema,Titulo_YouTube,Frecuencia_Hz,Versiculo,Accion_Chat_Fijado
1,Salmo 91 y 23,🕊️ ORACIÓN DE LA NOCHE EN VIVO • Salmo 91 y 23 • Música Celestial 432 Hz para Dormir en Paz,432,Salmo 91:1-2,"Escribe 'Amén' y deja el nombre de tu familia para orar juntos."
2,Sanar la Ansiedad,🌿 ORACIÓN PARA CALMAR LA MENTE Y LA ANSIEDAD • Música 432 Hz para Conciliar el Sueño Profundo,432,Filipenses 4:6-7,"¿Qué carga entregas a Dios esta noche? Déjala en el chat."
3,Protección del Hogar,🛡️ EL SEÑOR GUARDA TU HOGAR • Salmo 121 y 91 • Sonido Celestial para Dormir Protegido 24/7,639,Salmo 121:7-8,Escribe las iniciales de quienes duermen bajo tu techo hoy.
4,Milagro de Sanación,✝️ ORACIÓN MILAGROSA POR SALUD Y RESTAURACIÓN • Frecuencia 528 Hz de Sanación Continua,528,Jeremías 30:17,¿Por la salud de quién oramos esta noche? Nómbralo aquí.
5,Agradecimiento Puro,✨ NOCHE DE AGRADECIMIENTO SINCERO • Música de Arpa y Celo para Descansar en Su Presencia,432,1 Tesalonicenses 5:18,Menciona 1 bendición recibida esta semana.
6,El Buen Pastor,🐑 NADA ME FALTARÁ • Salmo 23 en Vivo Toda la Noche • Frecuencia Armónica 432 Hz,432,Salmo 23:1-3,"Escribe: 'El Señor es mi pastor y confío plenamente'."
7,Bendición de Domingo,🕊️ BENDICIÓN DE LA MADRUGADA • Consagra tu Semana a Dios con Música Sagrada 963 Hz,963,Números 6:24-26,Recibe la paz de Dios. ¿Desde qué ciudad o país nos acompañas?
8,Abrir Caminos,🔑 ORACIÓN DE FE PARA ABRIR CAMINOS DE TRABAJO Y PAZ • Frecuencia 528 Hz en Directo,528,Isaías 43:19,"Escribe 'Dios abre puertas' si esperas una bendición laboral."
9,Vencer el Miedo,🕊️ NO TEMAS YO ESTOY CONTIGO • Música Suave para Vencer el Insomnio y el Temor,432,Isaías 41:10,Deja ir el miedo esta noche. Dios cuida tu descanso.
10,Ángeles Guardianes,👼 SUS ÁNGELES MANDARÁ CERCA DE TI • Salmo 91 con Frecuencia Celestial 432 Hz,432,Salmo 91:11-12,"Escribe 'Protección divina para mi casa' y descansa en paz."
11,Sanar Heridas,💧 AGUA DE VIDA • Oración para Sanar Heridas del Corazón y Perdonar • Música 528 Hz,528,Salmo 147:3,"Declara: 'Hoy elijo la paz y el perdón en el nombre de Jesús'."
12,Descanso Profundo,🌙 DUERME EN PAZ BAJO LAS ALAS DE DIOS • Sonido Terapéutico 432 Hz sin Interrupciones,432,Salmo 4:8,"'En paz me acostaré y asimismo dormiré'. Amén."
13,Fortaleza en la Tormenta,⚡ DIOS ES NUESTRO AMPARO Y FORTALEZA • Salmo 46 en Vivo • Piano y Cuerdas Celestiales,639,Salmo 46:1,"Si estás pasando una prueba escribe 'Dios tiene el control'."
14,Agradecimiento en Familia,🏠 BENDICE MI FAMILIA SEÑOR • Oración Comunitaria 24/7 con Frecuencias Sagradas,432,Josué 24:15,"'Yo y mi casa serviremos al Señor'. Deja tu testimonio."
15,Cierre Quincena / Hito,🌟 4000 HORAS DE PAZ Y ALABANZA CONTINUA • Directo Especial 24/7 con Salterio y Versículos,528,Salmo 100:1-3,¡Gracias por orar juntos! Déjanos saber cuánto tiempo llevas conectado.
16,Victoria Espiritual,⚔️ NINGUNA ARMA FORJADA CONTRA TI PROSPERARÁ • Salmo 27 y 91 • Música de Fortaleza 741 Hz,741,Isaías 54:17,"Escribe: 'Declaro victoria sobre mi vida y familia'."
17,Lluvia de Bendición,🌧️ SONIDO DE LLUVIA CON FRECUENCIA 432 Hz • Oración Guiada para Dormir sin Preocupación,432,Ezequiel 34:26,Que la paz de Dios cubra tu habitación. Descansa confiado.
18,Confianza Total,🏔️ LOS QUE CONFÍAN EN JEHOVÁ SON COMO EL MONTE DE SIÓN • Salmo 125 en Vivo,639,Salmo 125:1-2,"Escribe 'Mi fe no se moverá' y comparte esta transmisión."
19,Sanidad Física,🕊️ TOCANDO EL BORDE DE SU MANTO • Oración Continua de Clamor por Sanidad Divina,528,Mateo 9:21,Presenta tu petición de sanidad aquí; creemos en milagros.
20,Vencer la Tristeza,🕯️ LUZ EN MEDIO DE LA OBSCURIDAD • Música Restauradora 432 Hz para Sanar la Depresión,432,Salmo 34:18,Dios está cerca de los quebrantados. No estás solo.
21,Alabanza de Gratitud,🎶 ALABA ALMA MÍA A JEHOVÁ • Salmo 103 • Melodías de Adoración Instrumental para Dormir,432,Salmo 103:1-4,Menciona algo hermoso por lo que das gracias a Dios hoy.
22,Sabiduría y Claridad,💡 LÁMPARA ES A MIS PIES TU PALABRA • Salmo 119 con Música 852 Hz de Claridad Mental,852,Salmo 119:105,"¿Pides dirección para una decisión? Escribe 'Pido sabiduría Señor'."
23,Nuevas Fuerzas,🦅 COMO LAS ÁGUILAS • Oración de Renovación de Fuerzas • Música de Meditación Sacra,528,Isaías 40:31,"Escribe: 'Recibo nuevas fuerzas para seguir adelante'."
24,Paz en la Madrugada,🌌 VIGILIA DE MADRUGADA (3 AM) • Oración Profunda de Intimidad con Dios • 432 Hz,432,Proverbios 8:17,Si estás despierto en la madrugada Dios quiere hablar a tu corazón.
25,Protección a Hijos,👶 ORACIÓN DE PROTECCIÓN SOBRE TUS HIJOS Y NIETOS • Salmo 91 y Frecuencias de Amor,639,Proverbios 22:6,Escribe los nombres de tus hijos o nietos para bendecirlos.
26,Liberación de Cargas,🎒 VENID A MÍ LOS QUE ESTÁIS TRABAJADOS Y CARGADOS • Frecuencia 432 Hz para Descansar,432,Mateo 11:28,Suelta tu carga en Sus manos esta noche. Amén.
27,Esperanza Eterna,🌅 EL LLANTO DURA LA NOCHE PERO EL GOZO VIENE EN LA MAÑANA • Salmo 30,528,Salmo 30:5,Confía: Mañana será un día de bendición y gozo.
28,Dios Provee,🍞 JEHOVÁ JIREH • Oración por Provisión y Multiplicación en el Hogar • Música Sacra,528,Génesis 22:14,"Escribe: 'Dios es mi proveedor y nada me faltará'."
29,Noche de Milagros,✨ CLAMA A MÍ Y YO TE RESPONDERÉ • Jeremías 33:3 • Directo 24/7 con Frecuencia 528 Hz,528,Jeremías 33:3,Clama con fe esta noche. Dios escucha la oración sincera.
30,Celebración 30 Días,🏆 30 DÍAS DE ADORACIÓN CONTINUA • Salmo 150 • Todo lo que Respira Alabe al Señor,963,Salmo 150:6,¡Gloria a Dios por este primer mes! Comparte tu testimonio en el chat.
